brand,brandcount
"",472919
runail,76444
irisk,46025
grattol,43552
masura,27065
kapous,22397
estel,21088
ingarden,19305
jessnail,16812
bluesky,15857
bpw.style,13645
uno,12867
concept,10838
italwax,10734
freedecor,9805
cnd,9405
domix,8697
haruyama,7834
milv,7588
cosmoprofi,7444
zinger,7309
lianail,6592
staleks,5912
nagaraku,5873
lovely,5855
oniq,5336
pole,5274
f.o.x,5115
pnb,5072
yoko,4764
severina,4427
uskusi,4217
airnails,4162
beautix,4097
metzger,3988
art-visage,3206
roubloff,3198
strong,3176
de.lux,3105
browxenna,2786
levrana,2742
shik,2598
rosi,2412
farmstay,2400
dewal,2294
solomeya,2263
kaaral,2207
marathon,2057
swarovski,2036
kinetics,1884
smart,1834
max,1766
polarus,1730
markell,1684
relouis,1616
missha,1601
bioaqua,1566
jas,1535
ardell,1485
matrix,1443
benovy,1443
artex,1377
lador,1253
dizao,1237
depilflax,1131
sophin,1097
emil,1090
farmavita,1069
kosmekka,1056
opi,1027
shary,971
skinlite,954
refectocil,890
igrobeauty,887
limoni,885
beauty-free,881
ecolab,871
bodyton,864
entity,838
levissime,834
thuya,833
matreshka,821
nitrimax,816
insight,784
provoc,727
siberina,727
trind,711
moyou,705
kaypro,675
kiss,666
dermacol,660
konad,649
yllozure,632
estelare,627
soleo,624
orly,623
babyliss,612
zeitun,596
happyfons,549
eunyul,528
beautific,527
dartnails,516
estrade,507
mavala,484
sunuv,468
kocostar,461
naomi,428
jaguar,428
keen,409
elskin,407
avene,371
kezy,368
freshbubble,357
parachute,350
lowence,334
dermal,327
lamixx,322
gehwol,320
i-laq,318
balbcare,318
keune,316
kims,306
coifin,303
almea,289
herbolive,282
chi,282
cristalinas,280
farmona,279
batiste,278
coocla,276
nitrile,266
ellips,249
lakme,248
deoproce,246
profhenna,246
osmo,243
enigma,243
kerasys,241
biofollica,240
vosev,232
s.care,230
lsanic,224
petitfee,219
laboratorium,215
tertio,214
barex,212
elizavecca,207
ermine,203
inm,195
joico,193
enas,192
godefroy,191
glysolid,178
supertan,177
grace,177
likato,177
carmex,166
vilenta,162
protokeratin,157
lebelage,156
treaclemoon,149
beauugreen,141
yu-r,139
inoface,136
bespecial,136
coxir,132
riche,131
ypsed,126
consly,125
ecocraft,125
blixz,115
cutrin,113
biorepair,112
meisterwerk,107
naturmed,102
sanoto,98
kamill,94
koelf,92
beautyblender,91
ladykin,91
mayamy,90
tannymaxx,87
latinoil,86
rasyan,74
skipofit,73
nefertiti,70
aura,68
fancy,66
enjoy,64
nirvel,61
fedua,58
dr.gloderm,52
bergamo,51
miskin,51
profepil,51
sun,50
sawa,50
biore,49
mane,49
mielle,48
veraclara,48
cruset,44
egomania,43
litaline,42
koreatida,42
dorena,39
eos,33
greymy,28
cosima,24
marutaka-foot,20
tazol,19
binacil,18
weaver,17
andrea,17
kares,15
radius,15
labay,14
neoleor,13
ovale,11
juno,10
koelcia,8
busch,8
plazan,8
australis,6
esquire,6
foamie,6
rocknailstar,6
laiseven,6
embryolisse,5
bosnic,5
zab,4
blise,4
cuccio,3
lunaris,3
bodipure,3
ikoo,2
uralsoap,2
tosowoong,1
essie,1
helloganic,1
macadamia,1
skinity,1
invisibobble,1
finish,1
